game_id,title,description,,en_title,en_description,de_title,de_description,es_title,es_description,,,,,br_title,br_description,fr_title,fr_description,sv_title,sv_description
Texas Holdem,Intro,"Texas Hold’em is always the first choice for poker – it’s so popular that the two words are almost synonymous!

According to the legend, Texas Hold’em poker was conceived in the early 1900s in the small community of Robstown, Texas, USA. However, the game only became known worldwide in its modern-day form after 1967 when the game first reached a Las Vegas casino. A few years later, Texas Hold’em became a standard feature in all international poker tournaments. Hold’em’s fame may have risen so quickly because of its rather simple system of rules. 

Okay, enough time wasting. Let’s begin!",,Intro,"Texas Hold’em is always the first choice for poker – it’s so popular that the two words are almost synonymous!

According to the legend, Texas Hold’em poker was conceived in the early 1900s in the small community of Robstown, Texas, USA. However, the game only became known worldwide in its modern-day form after 1967 when the game first reached a Las Vegas casino. A few years later, Texas Hold’em became a standard feature in all international poker tournaments. Hold’em’s fame may have risen so quickly because of its rather simple system of rules. 

Okay, enough time wasting. Let’s begin!",Einführung,"Texas Hold’em ist immer die erste Wahl beim Poker – es ist so beliebt, dass die beiden Begriffe beinahe synonym geworden sind!

Der Legende nach wurde Texas Hold’em in den frühen 1900er Jahren in der kleinen Gemeinde Robstown in Texas, USA, erfunden. Doch das Spiel wurde in seiner heutigen Form erst nach 1967 weltweit bekannt, nachdem es erstmals in einem Casino in Las Vegas aufgetaucht war. Nur ein paar Jahre später wurde Texas Hold’em zu einer Standardvariante bei allen internationalen Pokerturnieren. Die Bekanntheit von Hold’em mag daher so rasant gestiegen sein, da es auf einem recht einfachen System von Regeln basiert.

Okay, genug des Small-Talks. Lassen Sie uns anfangen!",Introducción,"El Texas Hold’em es siempre la primera opción al jugar al póker. Es tan popular que las dos palabras son casi sinónimos.

Según la leyenda, el Texas Hold’em se inventó en los primeros años del siglo XX en la pequeña comunidad de Robstown en Texas, USA. Sin embargo, el juego empezó a ser conocido después de 1967 cuando llegó a Las Vegas. Unos años más tarde, el Texas Hold’em se convirtió en el juego de todos los torneos de póker. La fama de Hod’em ha crecido tan rápido por sus simples reglas.

Bueno, ya hemos perdido mucho tiempo. ¡Vamos a comenzar!",,,,,Introdução,"O Texas Hold’em é sempre a primeira escolha para jogar pôquer; ele é tão popular que os dois termos são quase sinônimos!

Segundo a lenda, o pôquer do Texas Hold’em foi idealizado no início do século XX na pequena comunidade de Robstown, no estado do Texas, nos EUA. No entanto, o jogo só se tornou conhecido em todo o mundo em sua forma moderna depois de 1967, quando o jogo chegou pela primeira vez em um cassino de Las Vegas. Alguns anos mais tarde, o Texas Hold’em tornou-se um jogo habitual em todos os torneios internacionais de pôquer. Talvez a fama do Hold’em tenha aumentado tão rapidamente por causa do sistema de regras bastante simples.

Certo, chega de perder tempo. Vamos começar!",Intro,"Le Texas Hold’em est le jeu de poker le plus connu et le plus joué. Il est si populaire que son nom est presque devenu synonyme de poker!

Selon la légende, le poker Texas Hold’em a été inventé au début des années 1900, dans une petite communauté de Robstown, au Texas, aux États-Unis. Le jeu n’est toutefois devenu connu à travers le monde que dans sa forme moderne, en 1967, quand il fit sa première apparition dans un casino de Las Vegas. Quelques années plus tard, le Texas Hold’em est devenu la norme dans tous les tournois de poker internationaux. La simplicité des règles du Hold'em a probablement joué pour beaucoup dans l’augmentation fulgurante de sa popularité.

Assez perdu de temps maintenant. Commençons!",Introduktion,"Texas Hold’em är alltid förstahandsvalet i poker – det är så populärt att dessa två ord nästan är en synonym!

Enligt sägnen kom Texas Hold’em poker till i början av 1900-talet i det lilla samhället Robstown i Texas, USA. Spelet i sin moderna form blev dock inte världskänt förrän efter 1967, då det först spelades i ett Las Vegas-kasino. Några år senare blev Texas Hold’em ett stående inslag i alla internationella pokerturneringar. Hold’ems snabba berömmelse kan ha berott på det rätt enkla regelsystemet.

Okej, nog om det. Nu sätter vi igång!"
Texas Holdem,Quick Start,"Texas Hold’em is played by two to ten players using a deck of 52 cards with no jokers. Each player is dealt two face-down cards, also known as “hole cards”. Five community cards are dealt face up on the poker table across three rounds. The rounds are called “flop”, “turn” and “river”. The money pot (chips) is formed by players acting over the course of four betting rounds: pre-flop, flop, turn and river. ",,Quick Start,"Texas Hold’em is played by two to ten players using a deck of 52 cards with no jokers. Each player is dealt two face-down cards, also known as “hole cards”. Five community cards are dealt face up on the poker table across three rounds. The rounds are called “flop”, “turn” and “river”. The money pot (chips) is formed by players acting over the course of four betting rounds: pre-flop, flop, turn and river. ",Kurzeinführung,"Texas Hold’em ist eine Pokervariante für zwei bis zehn Spieler und wird mit einem Deck aus 52 Karten ohne Joker gespielt. Jeder Spieler erhält verdeckt zwei Karten, die auch „Taschenkarten“ genannt werden. Im Laufe von drei Spielrunden werden schrittweise fünf Gemeinschaftskarten auf dem Pokertisch aufgedeckt. Diese Runden werden „Flop“, „Turn“ und „River“ genannt. Der Geldtopf (Chips) wird durch die Aktionen der Spieler über vier Setzrunden gebildet: „Pre-Flop“, „Flop“, „Turn“ und „River“. ","De un vistazo","El Texas Hold’em lo juegan de dos a diez jugadores con una baraja de 52 cartas sin comodines. Cada jugador recibe dos cartas particulares. Cinco cartas comunitarias se ponen boca arriba en el centro de la mesa en tres rondas. Estas rondas son el flop, el turn y el river. El bote se forma con las apuestas de los jugadores durante cuatro rondas: pre-flop, flop, turn y river.",,,,,Guia de início rápido,"O Texas Hold’em é jogado por dois a dez jogadores usando um baralho de 52 cartas sem coringas. Cada jogador recebe duas cartas viradas para baixo, também conhecidas como ""cartas fechadas"". Cinco cartas da mesa são distribuídas viradas para cima na mesa de pôquer durante três rodadas. As rodadas são chamadas de ""flop"", ""turn"" e ""river"". O dinheiro no pote (fichas) é formado pelos jogadores que jogarem durante quatro rodadas de apostas: pré-flop, flop, turn e river. ",Démarrage rapide,"Le Texas Hold’em peut compter de deux à dix joueurs, et requiert un paquet de 52 cartes, sans les jokers. Chaque joueur reçoit deux cartes, face cachée, qu’on appelle aussi les « cartes fermées ». Au cours de trois tours, cinq cartes communes seront posées, face visible, au centre de la table. Les tours sont appelés « flop », « turn » et « river ». Le pot (jetons) se forme lorsque les joueurs procèdent aux 4 tours d’enchère : le pré-flop, le flop, le turn et la river. ",Snabbstart,"Texas Hold’em spelas av två till tio spelare med en kortlek med 52 kort utan jokrar. Varje spelare tilldelas två nedåtvända kort, de så kallade hålkorten. Sammanlagt fem gemensamma kort delas ut uppåtvända på bordet i tre omgångar. Omgångarna kallas ”floppen”, ”turnen” och ”rivern”. Penningpotten (marker) bildas upp av spelarnas agerande under fyra satsningsrundor: före floppen, floppen, turnen och rivern. "
Texas Holdem,Aim,"The aim of the game is to win the money/chips in the pot by forming a better five-card combination (known as the hand) than the rest of the players, or by convincing the other players to lay down their hand by bluffing. A hand is made up of any amount of a player’s two hole cards and three to five of the community cards dealt on the table.",,Aim,"The aim of the game is to win the money/chips in the pot by forming a better five-card combination (known as the hand) than the rest of the players, or by convincing the other players to lay down their hand by bluffing. A hand is made up of any amount of a player’s two hole cards and three to five of the community cards dealt on the table.",Spielziel,"Ziel des Spiels ist es, das Geld bzw. die Chips im Pot zu gewinnen, indem man eine bessere Kombination aus fünf Karten (auch als Hand bezeichnet) als die anderen Spieler erreicht oder durch Bluffen die anderen Spieler zum Aussteigen bewegt. Eine Hand besteht aus einer beliebigen Anzahl der beiden Taschenkarten eines Spielers und drei bis fünf der auf dem Tisch ausliegenden Gemeinschaftskarten.",Objetivo,"El objetivo del juego es ganar las fichas del bote formando mejor jugada (o mano) de cinco cartas que el resto de jugadores; o convenciendo a los rivales de que se tiren de sus cartas con un farol. La mano se forma con ninguna, una o las dos cartas particulares del jugador y de tres a cinco cartas de las comunitarias.",,,,,Objetivo,O objetivo do jogo é ganhar o dinheiro/as fichas no pote formando uma combinação de cinco cartas (conhecida como mão) melhor que a dos outros jogadores ou convencendo os outros jogadores a desistirem da sua mão blefando. Uma mão é composta por qualquer combinação de cinco cartas dentre as duas cartas fechadas de um jogador e três a cinco cartas da mesa.,But,"Le but du jeu est de gagner le pot (argent/jetons) en formant une meilleure combinaison de cinq cartes (ce qu’on appelle une main) que les autres joueurs, ou bien en convainquant les autres joueurs d’abandonner (en bluffant). Une main est composée de n’importe lesquelles des cartes fermées du joueur, et de trois à cinq cartes communes, pour un total de cinq cartes.",Målet,"Målet med spelet är att vinna pengarna (markerna) i potten genom att få ihop en bättre femkortskombination (en så kallad hand) än övriga spelare, eller genom att bluffa för att förmå de andra spelarna att lägga sig. En hand består av mellan noll och två av spelarens två hålkort och tre till fem av de gemensamma korten på bordet."
Texas Holdem,The Hand,"The hand is a player's best five-card combination. Players can use both, one or none of their two hole cards to form the best hand. If a player does not use any of their hole cards, they are said to be ‘playing the board’. All five community cards on the table would make up the best possible hand combination for that player.",,The Hand,"The hand is a player's best five-card combination. Players can use both, one or none of their two hole cards to form the best hand. If a player does not use any of their hole cards, they are said to be ‘playing the board’. All five community cards on the table would make up the best possible hand combination for that player.",Die Hand,"Als „Hand“ wird die beste Kombination aus fünf Karten eines Spielers bezeichnet. Spieler können beide, eine oder keine der beiden Taschenkarten verwenden um die bestmögliche Hand zu formen. Wenn ein Spieler keine seiner Taschenkarten verwendet, dann nennt man dies 'Playing the Board'. Das Verwenden aller fünf Gemeinschaftskarten auf dem Tisch wäre in diesem Fall die bestmögliche Handkombination für diesen Spieler.",La mano,"La mano es la mejor combinación de cinco cartas. Los jugadores pueden usar ambas, una o ninguna de sus dos cartas para formar la mejor mano. Si el jugador no usa ninguna de sus cartas particulares, se dice que el jugador está jugando la mesa. Las cinco cartas comunitarias formarían la mejor combinación para el jugador.",,,,,A mão,"A mão é a melhor combinação de cinco cartas do jogador. Os jogadores podem usar as duas, uma ou nenhuma de suas duas cartas fechadas para formar a melhor mão. Se um jogador não usa nenhuma de suas cartas fechadas, é considerado como ""jogando com a mesa"". Todas as cinco cartas da mesa compõem a melhor mão possível para esse jogador.",La main,"La main est la meilleure combinaison de cinq cartes d’un joueur. Les joueurs peuvent utiliser une de leurs deux cartes fermées, les deux, ou aucune des deux, pour former leur meilleure main. Si le joueur n’utilise aucune de ses cartes fermées, on dit qu’il « joue le tableau ». Les cinq cartes communes de la table forment ainsi la meilleure main pour ce joueur.",Handen,"Handen är spelarens bästa femkortskombination. Spelaren kan använda båda, ett eller inget av sina hålkort till att bilda den bästa handen. Om spelaren inte använder något av sina hålkort heter det att denna ”spelar bordet”. Alla fem gemensamma kort på bordet bildar då den bästa möjliga handkombinationen för den spelaren."
Omaha HI,Intro,"Omaha Hi, also known as Pot Limit Omaha (PLO), is a variation of poker with a pot limit betting structure. Players can bet any amount up to the current amount in the pot. PLO is a great game for beginners to learn all about forming different types of poker hands. 

You might be surprised to learn that this poker variant was not created in the city of Omaha, Nebraska, USA. In fact, the city really has nothing to do with the game, except for sharing the same name. The first record of Omaha Hi being played in Las Vegas dates back to 1982. Before that, a variation of the game was played with five individual cards dealt to each player. However, this format limited the number of players who could participate, as there are only 52 cards in a deck. So, the game evolved into all players being dealt four starting cards, of which only two cards can be used to make a hand – along with a five-card community board.",,Intro,"Omaha Hi, also known as Pot Limit Omaha (PLO), is a variation of poker with a pot limit betting structure. Players can bet any amount up to the current amount in the pot. PLO is a great game for beginners to learn all about forming different types of poker hands. 

You might be surprised to learn that this poker variant was not created in the city of Omaha, Nebraska, USA. In fact, the city really has nothing to do with the game, except for sharing the same name. The first record of Omaha Hi being played in Las Vegas dates back to 1982. Before that, a variation of the game was played with five individual cards dealt to each player. However, this format limited the number of players who could participate, as there are only 52 cards in a deck. So, the game evolved into all players being dealt four starting cards, of which only two cards can be used to make a hand – along with a five-card community board.",Einführung,"Omaha Hi, auch als Pot Limit Omaha (PLO) bekannt, ist eine Pokervariante mit einer Pot Limit-Einsatzstruktur. Die Spieler können jeden Betrag bis zum aktuellen Betrag setzen, der sich im Pot befindet. PLO ist ein Spiel, das sich hervorragend für Anfänger eignet, um alles über des Bilden der verschiedenen Arten von Pokerhänden zu erfahren.

Sie werden vielleicht überrascht sein, zu erfahren, dass diese Pokervariante nicht in Omaha, Nebraska, USA entstanden ist. Die Stadt hat überhaupt nichts mit dem Spiel zu tun. Das Spiel und die Stadt teilen sich lediglich den Namen. In Las Vegas wurde Omaha Hi 1982 zum ersten Mal gespielt. Davor wurde eine Variante des Spiels mit fünf einzelnen Karten gespielt, die an jeden Spieler ausgeteilt wurden. Dieses Format begrenzte jedoch die Zahl der Spieler, die teilnehmen konnten, da es nur 52 Karten gibt. Schließlich wurden jedem Spieler vier Startkarten zugeteilt, von denen jeweils nur zwei Karten verwendet werden können, um eine Hand zu bilden – zusammen mit einem Board aus fünf Gemeinschaftskarten.
",Introducción,"Omaha Hi, también conocido como Pot Limit Omaha (PLO), es una modalidad de póker con estructura pot limit de apuestas. Los jugadores pueden apostar cualquier cantidad hasta el tamaño del bote. PLO es un gran juego para que los principiantes aprendan a formar distintos tipos de manos de póker. 

Puede sorprenderte que esta modalidad de póker no se creó en la ciudad de Omaha, Nebraska, USA. En realidad, la ciudad no tiene nada que ver con el juego, solo comparten el nombre. Los primeras noticias de jugar al Omaha Hi vienen de Las Vegas en el año 1982. Antes, existía una variación del juego con cinco cartas particulares, pero limitaba el número de jugadores de la mesa, como sabes hay 52 cartas en la baraja. Así que el juego evolucionó para que cada jugador recibiera cuatro cartas particulares, de las que hay que usar dos para formar tu jugada, combinadas con tres de las cinco comunitarias.",,,,,Introdução,"Omaha Hi, também conhecido como Pot Limit Omaha (PLO), é uma variação de pôquer com uma estrutura de apostas com limite de pote. Os jogadores podem apostar quanto quiserem até o montante atual no pote. PLO é um ótimo jogo para os iniciantes aprenderem tudo sobre formar diferentes tipos de mãos do pôquer.

Você pode se surpreender ao saber que esta variação de pôquer não foi criada na cidade de Omaha, em Nebraska, EUA. Na verdade, a cidade não tem nada a ver com o jogo, exceto por compartilhar o mesmo nome. O primeiro registro de Omaha Hi sendo jogado em Las Vegas remonta a 1982. Antes disso, uma variação do jogo foi jogada com cinco cartas individuais para cada jogador. No entanto, este formato limitava o número de jogadores que podiam participar, uma vez que existem apenas 52 cartas num baralho. Então, o jogo evoluiu para um formato no qual todos os jogadores recebiam quatro cartas iniciais, das quais apenas duas cartas podiam ser usadas para formar uma mão – junto com cinco cartas da mesa.",Intro,"Omaha Hi, aussi appelé Pot Limit Omaha (PLO), est une variante du jeu de poker comportant une structure de mises pot limit. Les joueurs peuvent miser n'importe quel montant jusqu'à concurrence du montant du pot. PLO est un excellent jeu pour les débutants qui désirent apprendre les façons de former différents types de mains de poker.

Vous serez peut-être surpris d'apprendre que cette variante du poker n'a pas été créée dans la ville d'Omaha, au Nebraska (É-U). En fait, la ville n'a rien à voir avec le jeu si ce n'est qu'ils partagent le même nom. Le premier signalement d'une partie Omaha Hi remonte à 1982 à Las Vegas. Avant cette époque, une variante du jeu se jouait alors que chaque joueur recevait cinq cartes. Toutefois, ce format limitait le nombre de joueurs participants compte tenu qu'un paquet de cartes n'en compte que 52. Le jeu a évolué pour permettre à tous les joueurs de recevoir quatre cartes de départ, parmi lesquelles seulement deux peuvent être utilisées pour obtenir une main, ainsi qu'un tableau communautaire composé de cinq cartes.",Introduktion,"Omaha Hi, som även kallas Pot Limit Omaha (PLO), är en pokervariant med en satsningsstruktur av typen pot limit. Spelarna kan satsa valfritt belopp upp till det aktuella beloppet i potten. PLO är ett lämpligt spel för nybörjare som vill lära sig allt om hur man får ihop olika pokerhänder.

Något förvånande är kanske att den här pokervarianten inte kommer från staden Omaha i Nebraska, USA. Staden har faktiskt ingenting med spelet att göra, förutom det gemensamma namnet. Den äldsta uppgiften om att Omaha Hi spelades i Las Vegas kommer från 1982. Dessförinnan spelades en variant av spelet med fem enskilda kort till varje spelare. Det formatet begränsade dock antalet deltagande spelare eftersom leken bara innehåller 52 kort. Spelet har därför utvecklats såtillvida att alla spelare får fyra startkort av vilka endast två kort får användas till att skapa en hand – tillsammans med tre av bordets fem gemensamma kort."
Omaha HI,Quick Start,"Omaha Hi is played by two to ten people using a deck of 52 cards with no jokers. Each player is dealt four face-down cards at the beginning of the game, also known as ‘hole cards’. Five community cards are dealt face up in three rounds at the poker table. The rounds are called “flop”, “turn” and “river”. The money in the pot (chips) is built by the players over four betting rounds: pre-flop, flop, turn and river.",,Quick Start,"Omaha Hi is played by two to ten people using a deck of 52 cards with no jokers. Each player is dealt four face-down cards at the beginning of the game, also known as ‘hole cards’. Five community cards are dealt face up in three rounds at the poker table. The rounds are called “flop”, “turn” and “river”. The money in the pot (chips) is built by the players over four betting rounds: pre-flop, flop, turn and river.",Kurzeinführung,"Omaha Hi wird von zwei bis zehn Personen mit 52 Karten ohne Joker gespielt. Jeder Spieler erhält zu Beginn des Spiels verdeckt vier Karten, die auch als „Taschenkarten“ bezeichnet werden. Fünf Gemeinschaftskarten werden über drei Runden offen am Pokertisch ausgegeben. Diese Runden werden „Flop“, „Turn“ und „River“ genannt. Des Geld im Pot (die Chips) wird von den Spielern über vier Einsatzrunden angesammelt: „Pre-Flop“, „Flop“, „Turn“ und „River“.","Guía rápida","Pueden jugar Omaha Hi desde dos hasta diez jugadores con una baraja de 52 cartas sin comodines. Cada jugador recibe cuatro cartas boca abajo al principio del juego, sus cartas particulares. Durante tres rondas se sacan cinco cartas descubiertas en el centro de la mesa. Las rondas se llaman flop, turn y river. El bote va creciendo con las apuestas de los jugadores en las cuatro rondas de apuestas: pre-flop, flop, turn y river.",,,,,Guia de início rápido,"Omaha Hi é jogado por duas a dez pessoas usando um baralho de 52 cartas sem coringas. Cada jogador recebe quatro cartas viradas para baixo no início do jogo, também conhecidas como ""cartas fechadas"". Cinco cartas da mesa são distribuídas viradas para cima durante três rodadas na mesa de pôquer. As rodadas são chamadas de ""flop"", ""turn"" e ""river"". O dinheiro no pote (fichas) é somado pelos jogadores durante quatro rodadas de apostas: pré-flop, flop, turn e river.",Démarrage rapide,"Omaha Hi se joue de deux à dix joueurs à l'aide d'un jeu de 52 cartes sans jokers. Chaque joueur reçoit quatre cartes face invisible au début du jeu, également appelées « cartes fermées ». Cinq cartes communautaires sont posées face visible sur trois tours. Les tours sont appelés « flop », « turn » et « river ». L'argent dans le pot (jetons) est constitué par les joueurs sur quatre tours d'enchère : le pré-flop, le flop, le turn et la river.",Snabbstart,"Omaha Hi spelas av två till tio spelare med en kortlek med 52 kort utan jokrar. När spelet börjar får varje spelare fyra nedåtvända kort, de så kallade hålkorten. Sammanlagt fem gemensamma kort delas ut uppåtvända på bordet i tre omgångar. Omgångarna kallas ”floppen”, ”turnen” och ”rivern”. Pengarna i potten (marker) byggs upp av spelarna under fyra satsningsrundor: före floppen, floppen, turnen och rivern."
Omaha HI,Aim,The aim is to win the money/chips in the pot by forming a better five-card combination (known as the hand) than the rest of the players; or by convincing the other players to lay down their hand by bluffing.,,Aim,The aim is to win the money/chips in the pot by forming a better five-card combination (known as the hand) than the rest of the players; or by convincing the other players to lay down their hand by bluffing.,Ziel,"Ziel ist es, das Geld/die Chips im Pot zu gewinnen, indem ein Spieler eine bessere Kombination aus fünf Karten (Hand) als die anderen Spieler bildet oder die anderen Spieler durch Bluffen dazu bringt, ihre Karten niederzulegen.",Objetivo,"El objetivo es ganar las fichas del bote formando una mejor combinación de cinco cartas, también llamada mano, que el resto de los jugadores; o convenciendo al resto de jugadores de tirar sus cartas con un farol.",,,,,Objetivo,O objetivo é ganhar o dinheiro/as fichas no pote formando uma combinação de cinco cartas altas e/ou baixas (conhecida como mão) melhor que a dos outros jogadores ou convencendo os outros jogadores a desistir da sua mão blefando.,But,"Le but est de gagner l'argent/les jetons dans le pot en constituant une meilleure combinaison de cinq cartes (appelée la main) que le reste des joueurs, ou en convaincant les autres joueurs de se coucher en bluffant.",Målet,"Målet är att vinna pengarna (markerna) i potten genom att få ihop en bättre femkortskombination (en så kallad hand) än övriga spelare, eller genom att bluffa för att förmå de andra spelarna att lägga sig."
Omaha HI,The Hand,The hand is a player's best five-card combination. Players must use any two of their four hole cards in combination with any three of the community cards to make the best five-card hand.,,The Hand,The hand is a player's best five-card combination. Players must use any two of their four hole cards in combination with any three of the community cards to make the best five-card hand.,Die Hand,"Als „Hand“ wird die beste Kombination aus fünf Karten eines Spielers bezeichnet. Die Spieler müssen zwei ihrer vier Taschenkarten in Kombination mit drei der Gemeinschaftskarten verwenden, um die beste Hand mit fünf Karten zu bilden.",La Mano,"La mano es la mejor combinación de cinco cartas del jugador. Todos los jugadores deben usar dos de sus cuatro cartas en combinación de tres de las cinco cartas comunitarias para formar la mejor mano de cinco cartas.",,,,,A mão,A mão é a melhor combinação de cinco cartas do jogador. Os jogadores devem usar duas das suas quatro cartas fechadas em combinação com três das cartas da mesa para formar a melhor mão de cinco cartas.,La main,La main est la meilleure combinaison de cinq cartes d'un joueur. Les joueurs doivent utiliser deux de leurs quatre cartes fermées en combinaison avec trois des cinq cartes communautaires pour avoir la meilleure main de cinq cartes.,Handen,Handen är spelarens bästa femkortskombination. Spelarna måste använda två valfria av de fyra hålkorten i kombination med tre valfria gemensamma kort för att skapa den bästa femkortshanden.
Omaha HI/LO,Intro,"Omaha Hi-Lo (8 or Better) is a variation of Omaha poker. In this version of Omaha, the money pot is split 50/50 between the highest hand (five-card combination) and the lowest hand. If one player has both the best Hi and Lo hands, they get to scoop 100% of the pot! 

The history of Omaha Hi-Lo goes back to the start of the Second World War when community card games first became popular. It was first played in Las Vegas in 1982. However, it wasn't until 1991 that the game was added to the World Series of Poker (WSOP). Recently, Omaha Hi-Lo has been gaining ground in the poker world, both offline and online.",,Intro,"Omaha Hi-Lo (8 or Better) is a variation of Omaha poker. In this version of Omaha, the money pot is split 50/50 between the highest hand (five-card combination) and the lowest hand. If one player has both the best Hi and Lo hands, they get to scoop 100% of the pot! 

The history of Omaha Hi-Lo goes back to the start of the Second World War when community card games first became popular. It was first played in Las Vegas in 1982. However, it wasn't until 1991 that the game was added to the World Series of Poker (WSOP). Recently, Omaha Hi-Lo has been gaining ground in the poker world, both offline and online.",Einführung,"Omaha Hi-Lo (8 or Better) ist eine Variante des Omaha-Poker. In dieser Version von Omaha wird der Pot 50/50 zwischen der höchsten Hand (Kombination aus fünf Karten) und der niedrigsten Hand aufgeteilt. Wenn ein einzelner Spieler sowohl die beste hohe als auch die beste niedrige Hand besitzt, erhält er 100 % des Pot!

Die Geschichte des Omaha Hi-Lo geht auf den Beginn des zweiten Weltkriegs zurück, als Gemeinschaftskartenspiele zum ersten Mal populär wurden. Diese Pokervariante wurde in Las Vegas 1982 zum ersten Mal gespielt. Erst 1991 wurde das Spiel jedoch in die World Series of Poker (WSOP) aufgenommen. Vor kurzem nahm die Beliebtheit des Omaha Hi-Lo in der Pokerwelt – offline und online – deutlich zu.
",Introducción,"Omaha Hi-Lo es una modalidad de Omaha. En esta variedad de Omaha, las fichas se reparten al 50% entre la mano más alta y la más baja. Si un jugador tiene la más alta y la más baja se lleva el 100% del bote.

La historia del Omaha Hi-Lo se remonta al comienzo de la Segunda Guerra Mundial, cuando los juegos con cartas comunitarias se hicieron populares. En Las Vegas se jugó por primera vez en 1982. Sin embargo no fue hasta 1991 en que añadiera un evento a las WSOP. Recientemente el Omaha Hi-Lo ha ido ganando seguidores, tanto online como en vivo.",,,,,Introdução,"Omaha Hi-Lo (8 or Better) é uma variação do pôquer Omaha. Nesta versão do Omaha, o pote de dinheiro é dividido 50/50 entre a mão mais alta (combinação de cinco cartas) e a mão mais baixa. Se um jogador tem a melhor mão alta e baixa, ele recebe 100% do pote!

A história do Omaha Hi-Lo remonta ao início da Segunda Guerra Mundial, quando os jogos de cartas de comunidade se tornaram populares. Ele foi jogado pela primeira vez em Las Vegas em 1982. No entanto, foi adicionado à World Series of Poker (WSOP) apenas em 1991. Recentemente, o Omaha Hi-Lo está ganhando terreno no mundo do pôquer, online e offline.",Intro,"Omaha Hi-Lo (8 or Better) est une variante du jeu de poker Omaha. Dans cette version du jeu Omaha, le pot est partagé à 50/50 entre la main la plus forte (combinaison de cinq cartes) et la main la plus faible. Si un joueur possède à la fois les mains la plus forte et la plus faible, il récupère 100 % du pot!

L’histoire du jeu Omaha Hi-Lo remonte au début de la Seconde Guerre mondiale lorsque les jeux de cartes communautaires sont devenus populaires. Il fut d’abord joué à Las Vegas en 1982. Cependant, ce n’est qu’en 1991 que le jeu a été intégré au World Series of Poker (WSOP). L’Omaha Hi-Lo a récemment gagné du terrain dans le monde du poker, à la fois hors ligne et en ligne.",Introduktion,"Omaha Hi-Lo (8 eller bättre) är en variant på Omaha-poker. I den här versionen av Omaha delas vinstpotten lika mellan den högsta handen (femkortskombinationen) och den lägsta. En spelare som har både den bästa Hi- och den bästa Lo-handen gör ett scoop, dvs. tar hem hela potten!

Omaha Hi-Lo-spelets historia sträcker sig tillbaka till början av andra världskriget, då kortspel med gemensamma kort först blev populära. Första gången spelet spelades i Las Vegas var 1982, men det var först 1991 som det kom med i World Series of Poker (WSOP). Omaha Hi-Lo har blivit alltmer populärt i pokervärlden, både online och i övrigt."
Omaha HI/LO,Quick Start,"Omaha Hi-Lo is played by two to ten people using a deck of 52 cards with no jokers. Each player is dealt four face-down cards at the beginning of the game, also known as hole cards. Five community cards are dealt face up over three rounds at the poker table. The rounds are called the “flop”, “turn” and “river”. The money in the pot (chips) is built by the players over the following four betting rounds: pre-flop, flop, turn and river.",,Quick Start,"Omaha Hi-Lo is played by two to ten people using a deck of 52 cards with no jokers. Each player is dealt four face-down cards at the beginning of the game, also known as hole cards. Five community cards are dealt face up over three rounds at the poker table. The rounds are called the “flop”, “turn” and “river”. The money in the pot (chips) is built by the players over the following four betting rounds: pre-flop, flop, turn and river.",Kurzeinführung,"Omaha Hi-Lo wird von zwei bis zehn Personen mit 52 Karten ohne Joker gespielt. Jeder Spieler erhält zu Beginn des Spiels verdeckt vier Karten, die auch als „Taschenkarten“ bezeichnet werden. Fünf Gemeinschaftskarten werden über drei Runden offen am Pokertisch ausgegeben. Diese Runden werden „Flop“, „Turn“ und „River“ genannt. Des Geld im Pot (die Chips) wird von den Spielern über die folgenden vier Einsatzrunden angesammelt: „Pre-Flop“, „Flop“, „Turn“ und „River“.
","Guía rápida","Al Omaha Hi-Lo juegan de dos a diez jugadores con una baraja de 52 cartas sin comodines. Al principio de la partida, cada jugador recibe sus cuatro cartas particulares boca abajo. Se levantan cinco cartas comunitarias en tres rondas. Las rondas se llaman flop, turn y river. Las fichas las van añadiendo los jugadores en las cuatro rondas de apuestas: pre-flop, flop, turn y river.",,,,,Guia de início rápido,"Omaha Hi-Lo é jogado por duas a dez pessoas usando um baralho de 52 cartas sem coringas. Cada jogador recebe quatro cartas viradas para baixo no início do jogo, também conhecidas como cartas fechadas. Cinco cartas da mesa são distribuídas viradas para cima durante três rodadas na mesa de pôquer. As rodadas são chamadas de ""flop"", ""turn"" e ""river"". O dinheiro no pote (fichas) é somado pelos jogadores durante estas quatro rodadas de apostas: pré-flop, flop, turn e river.",Démarrage rapide,"L’Omaha Hi-Lo se joue par un groupe de deux à dix joueurs à l’aide d’un jeu de 52 cartes sans jokers. Au début du jeu, chaque joueur reçoit quatre cartes face invisible, également appelées cartes fermées. Cinq cartes communautaires sont posées sur la table, face visible, sur trois tours. Les tours sont appelés le « flop », le « turn » et le « river ». L’argent dans le pot (jetons) est accumulé par les joueurs durant les quatre tours d’enchère suivants : le pré-flop, le flop, le turn et le river.",Snabbstart,"Omaha Hi-Lo spelas av två till tio spelare med en kortlek med 52 kort utan jokrar. När spelet börjar får varje spelare fyra nedåtvända kort, de så kallade hålkorten. Sammanlagt fem gemensamma kort delas ut uppåtvända på bordet i tre omgångar. Omgångarna kallas ”floppen”, ”turnen” och ”rivern”. Pengarna i potten (marker) byggs upp av spelarna under följande fyra satsningsrundor: före floppen, floppen, turnen och rivern."
Omaha HI/LO,Aim,"The goal is to win the money/chips in the pot by forming a better high and/or low five-card combination (hand) than the rest of the players, or by convincing other players to lay down their hand by bluffing. In this form of poker, there can be two winners, in which case the money pot is split between them, equally. If one player has the best Hi and Lo hands, the win all the money in the pot.",,Aim,"The goal is to win the money/chips in the pot by forming a better high and/or low five-card combination (hand) than the rest of the players, or by convincing other players to lay down their hand by bluffing. In this form of poker, there can be two winners, in which case the money pot is split between them, equally. If one player has the best Hi and Lo hands, the win all the money in the pot.",Ziel,"Ziel ist es, das Geld/die Chips im Pot zu gewinnen, indem ein Spieler eine bessere und/oder niedrigere Kombination aus fünf Karten (Hand) als die anderen Spieler bildet oder die anderen Spieler durch Bluffen dazu bringt, ihre Karten niederzulegen. Bei dieser Art von Poker kann es zwei Gewinner geben. Wenn dieser Fall eintritt, wird das Geld im Pot unter den beiden Gewinnern zu gleichen Teilen aufgeteilt. Wenn ein einzelner Spieler sowohl die beste hohe als auch die beste niedrige Hand besitzt, gewinnt er das gesamte Geld im Pot.
",Objetivo,"El objetivo es llevarse las fichas del bote formando una combinación de cinco cartas alta o baja, mejor que la del resto de jugadores, o faroleando a los rivales para que se tiren de sus cartas. En esta modalidad puede haber dos ganadores que se repartirían el bote entre ellos a partes iguales. Si un jugador gana la mano alta y la baja, se lleva todas las fichas del bote.",,,,,Objetivo,"O objetivo é ganhar o dinheiro/as fichas no pote formando uma combinação de cinco cartas altas e/ou baixas (mão) melhor que a dos outros jogadores ou convencendo os outros jogadores a desistir da sua mão blefando. Nesta forma de pôquer, pode haver dois vencedores. Neste caso, o pote de dinheiro é dividido igualmente entre eles. Se um jogador tem a melhor mão alta e baixa, ele ganha todo o dinheiro do pote.",But,"Le but est de gagner l’argent ou les jetons dans le pot en constituant une meilleure combinaison (main) de cinq cartes fortes ou faibles que le reste des joueurs, ou en convaincant les autres joueurs de se coucher en bluffant. Dans cette forme de poker, il peut y avoir deux vainqueurs, auquel cas le pot est partagé entre eux de manière égale. Si un joueur possède les mains la plus forte et la plus faible, il gagne tout l’argent du pot.",Målet,"Målet är att vinna pengarna (markerna) i potten genom att få ihop en bättre hög och/eller låg femkortskombination (hand) än övriga spelare, eller genom att bluffa för att förmå de andra spelarna att lägga sig. Den här pokervarianten kan ha två vinnare som i så fall delar lika på vinstpotten. Om samma spelare har både den bästa Hi- och den bästa Lo-handen vinner den alla pengarna i potten."
Omaha HI/LO,The Hand,"The hand is a player's best five-card combination. In Omaha Hi-Lo, a hand must be made up of any two of a player’s four hole cards in combination with any three of the five community cards. But remember, even though you have four hole cards, you must only use two to form a hand – not one, not three, not four.",,The Hand,"The hand is a player's best five-card combination. In Omaha Hi-Lo, a hand must be made up of any two of a player’s four hole cards in combination with any three of the five community cards. But remember, even though you have four hole cards, you must only use two to form a hand – not one, not three, not four.",Die Hand,"Als „Hand“ wird die beste Kombination aus fünf Karten eines Spielers bezeichnet. Beim Omaha Hi-Lo muss eine Hand aus zwei beliebigen Taschenkarten eines Spielers in Kombination mit drei beliebigen Gemeinschaftskarten bestehen. Denken Sie daran, dass Sie nur zwei Taschenkarten verwenden dürfen, um eine Hand zu bilden, auch wenn Sie vier Taschenkarten besitzen – nicht eine, nicht drei und nicht vier.
",La Mano,"La mano es la mejor combinación de cinco cartas. En Omaha Hi-Lo la mano debe tener dos cartas de las cuatro particulares combinadas con tres de las cinco cartas comunitarias. Pero recuerda, aunque tienes cuatro cartas particulares, tienes que usar solo dos para formar tu mano, ni una, ni tres ni cuatro.",,,,,A mão,"A mão é a melhor combinação de cinco cartas do jogador. No Omaha Hi-Lo, uma mão deve ser composta por duas das quatro cartas de um jogador combinadas com três das cinco cartas da mesa. Mas lembre-se, mesmo que você tenha quatro cartas fechadas, só deve usar duas para formar uma mão – não uma, não três, não quatro.",La main,"La main est la meilleure combinaison de cinq cartes d’un joueur. Au Omaha Hi-Lo, une main doit être constituée de deux des quatre cartes fermées d’un joueur en combinaison avec trois des cinq cartes communautaires. Mais n’oubliez pas que même si vous possédez quatre cartes fermées, vous devez seulement en utiliser deux pour constituer une main – pas une, pas trois, pas quatre.",Handen,"Handen är spelarens bästa femkortskombination. I Omaha Hi-Lo måste en hand bestå av två valfria av spelarens fyra hålkort i kombination med tre valfria av de fem gemensamma korten. Tänk dock på att trots att du har fyra hålkort får du bara använda två av dem när du sätter ihop din hand – inte ett, inte tre, inte fyra."
7 Card Stud,Intro,"Welcome to the most popular poker game from the past, before Texas Hold'em took over its leading position. Seven Card Stud is the classic poker game and was played well before community-cards games became more popular. It is a highly challenging game, requiring more attention and strategic moves from players.   

Stud is believed to have originated in the Midwest of the United States. This variation of poker was very popular among soldiers during the  America Civil War from 1861-1865, and was played with 5 cards to each player. The game turned into Seven Card Stud at the beginning of 20th century and remained the most popular poker game until 1980’s. It has become popular worldwide, due to its intricate game play, which gives it a true poker feel. 

Seven Card Stud is normally a fixed-limit poker game, meaning that the players can only bet a limited amount of money within a game round.",,Intro,"Welcome to the most popular poker game from the past, before Texas Hold'em took over its leading position. Seven Card Stud is the classic poker game and was played well before community-cards games became more popular. It is a highly challenging game, requiring more attention and strategic moves from players.   

Stud is believed to have originated in the Midwest of the United States. This variation of poker was very popular among soldiers during the  America Civil War from 1861-1865, and was played with 5 cards to each player. The game turned into Seven Card Stud at the beginning of 20th century and remained the most popular poker game until 1980’s. It has become popular worldwide, due to its intricate game play, which gives it a true poker feel. 

Seven Card Stud is normally a fixed-limit poker game, meaning that the players can only bet a limited amount of money within a game round.",Einführung,"Willkommen beim beliebtesten Pokerspiel vergangener Tage, bevor Texas Hold'em die Führungsposition übernahm. Seven Card Stud ist die klassische Pokervariante und wurde lange vor dem Aufstieg der Gemeinschaftskarten-Varianten gespielt. Das Spiel ist äußerst anspruchsvoll und fordert den Spielern mehr Aufmerksamkeit und strategische Spielzüge ab.

Es wird angenommen, dass Stud aus dem Mittleren Westen der USA stammt. Diese Pokervariante war während des Amerikanischen Bürgerkrieges von 1861 bis 1865 sehr beliebt unter Soldaten und wurde mit 5 Karten pro Spieler gespielt. Zu Anfang des 20. Jahrhunderts entwickelte sich das Spiel dann zu Seven Card Stud und blieb bis in die Achtziger Jahre das beliebteste Pokerspiel. Seine komplexe Spielweise sorgt für echtes Poker-Feeling und wird weltweit geschätzt.

Beim Seven Card Stud stehen die Einsätze normalerweise fest, d. h. Spieler können innerhalb einer Spielrunde nur einen begrenzten Geldbetrag einsetzen.
",Introducción,"Bienvenido al juego más popular en el pasado, antes de que el Texas Hold’em fuera el líder. El Seven Card Stud es el clásico juego de póker y se jugaba mucho antes de que las cartas comunitarias se hicieran populares. Es un juego exigente que requiere más atención y movimientos estratégicos de los jugadores.

Se cree que el Stud se originó en el Medio Oeste Americano. Esta variedad era muy popular entre los soldados de la Guerra de Secesión entre 1861 a 1865 y se jugaba con 5 cartas cada jugador. El juego se convirtió en Seven Card Stud a principios del siglo XX y se mantuvo como el juego más popular hasta los 80. Se ha hecho popular mundialmente, por la complejidad que le da un verdadera sensación de póker.

Seven Card Stud se suele jugar con límite, significando que los jugadores solo pueden apostar una cantidad fija en cada ronda.",,,,,Introdução,"Bem-vindo(a) ao jogo de pôquer mais popular no passado, antes de o Texas Hold'em assumir a liderança. O Seven Card Stud é o jogo clássico de pôquer e foi muito jogado antes de os jogos de cartas comunitárias ou abertas tornarem-se mais populares. É um jogo extremamente desafiador e exige mais atenção e jogadas estratégicas dos jogadores.

Acredita-se que o Stud teve sua origem no meio-oeste dos Estados Unidos. Essa variação de pôquer foi muito popular entre os soldados durante a Guerra Civil Americana, de 1861 a 1865, e era jogada com 5 cartas para cada jogador. O jogo tornou-se Seven Card Stud no início do século XX e continuou sendo o jogo de pôquer mais popular até a década de 1980. Ele tornou-se mundialmente popular por sua complexidade, o que lhe dá a verdadeira sensação do pôquer.

O Seven Card Stud é, normalmente, um jogo de pôquer com limite fixo, ou seja, os jogadores só podem apostar uma quantia limitada de dinheiro em uma rodada.",Introduction,"Bienvenue au jeu de poker le plus populaire d'autrefois, avant que le Texas Hold'em ne s'empare de la première place. Seven Card Stud est le jeu classique de poker et se jouait bien avant que les jeux à cartes communautaires ne deviennent plus populaires. Il s'agit d'un jeu réellement difficile, nécessitant plus d'attention et plus de coups stratégiques de la part des joueurs.

Stud semble provenir à l'origine du Midwest aux États-Unis. Cette variante du poker était très populaire parmi les soldats lors de la Guerre Civile Américaine de 1861 à 1865, et se jouait avec 5 cartes distribuaient à chaque joueur. Le jeu est passé au Seven Card Stud au début du 20e siècle et est resté le jeu de poker le plus populaire jusque dans les années 80. Il est devenu populaire dans le monde entier grâce à ses techniques de jeu complexes qui lui confèrent une sensation réelle du poker.

Seven Card Stud est normalement un jeu de poker à limite fixe, ce qui signifie que les joueurs peuvent uniquement miser une quantité d'argent limitée à chaque tour de la partie.",Intro,"Välkommen till det populäraste pokerspelet från förr, innan Texas Hold'em  tog över dess ledande position. Seven Card Stud är det klassiska pokerspelet och det spelades långt innan spel med gemensamma kort blev populära. Det är ett mycket utmanande spel som kräver mer uppmärksamhet och strategiska drag av sina spelare.

Stud tros ha sitt ursprung i Mellanvästern i USA. Den här varianten av poker var mycket populär bland soldater under amerikanska inbördeskriget från 1861-1865 och spelades med 5 kort per spelare. Spelet förvandlades till Seven Card Stud i början av 1900-talet och fortsatte vara den mest populära pokervarianten fram till 1980-talet. Det blev populärt över hela världen tack vare dess komplicerade spelstil, vilket ger det en riktig pokerkänsla. 

Seven Card Stud är vanligen ett limit-pokerspel vilket innebär att spelarna bara kan satsa en begränsad mängd pengar per spelrunda."
7 Card Stud,Quick Start,"Seven Card Stud is a variation of poker played with between two to eight players using a deck of 52 cards with no jokers. One game round consists of five betting rounds. Initially, each player has to place an opening bet to start the pot off, also known as an ante. After the initial bets are taken, each player is dealt two individual face-down cards (hole cards) and one face-up card (door card). 

The player with the worst door card is assigned as the bring-in (a forced bet that is akin to a blind in Hold'em). The amount is usually 30-50% of the lower stake, and the 2 of clubs is the worst card in the deck when assessing the bring-in. Players who remain active throughout an entire game round will receive a total of three face-down cards and four face-up cards. No community cards are dealt on the table. The winner is a player who can form the best five-card combination (poker hand).",,Quick Start,"Seven Card Stud is a variation of poker played with between two to eight players using a deck of 52 cards with no jokers. One game round consists of five betting rounds. Initially, each player has to place an opening bet to start the pot off, also known as an ante. After the initial bets are taken, each player is dealt two individual face-down cards (hole cards) and one face-up card (door card). 

The player with the worst door card is assigned as the bring-in (a forced bet that is akin to a blind in Hold'em). The amount is usually 30-50% of the lower stake, and the 2 of clubs is the worst card in the deck when assessing the bring-in. Players who remain active throughout an entire game round will receive a total of three face-down cards and four face-up cards. No community cards are dealt on the table. The winner is a player who can form the best five-card combination (poker hand).",Schnelleinstieg,"Seven Card Stud ist eine Pokervariante für zwei bis acht Spieler mit 52 Karten ohne Joker. Eine Spielrunde besteht aus fünf Einsatzrunden. Jeder Spieler zahlt anfangs einen auch als „Ante“ bezeichneten Eröffnungseinsatz in den Pot ein. Jedem Spieler werden anschließend zwei verdeckte Taschenkarten und eine offene „Door Card“ ausgeteilt.

Der Spieler mit der niedrigsten Door Card muss den Bring-In-Betrag setzen (ein erzwungener Einsatz, der einem Blind in Hold'em entspricht). Dieser beträgt in der Regel 30 – 50 % des Mindesteinsatzes. Beim Bring-In gilt die Kreuz-2 als niedrigste Karte im Spiel. Spieler, die eine gesamte Spielrunde hindurch aktiv bleiben, erhalten im Verlauf des Spiels insgesamt drei verdeckte und vier offene Karten. Es werden keine Gemeinschaftskarten offen ausgeteilt. Der Spieler, der die höchstwertige Pokerhand aus fünf beliebigen seiner Karten zusammenstellt, gewinnt den Pot.
","Guía rápida","El Seven Card Stud es una variante de póker con dos a ocho jugadores usando una baraja de 52 cartas sin comodines. Una mano tiene cinco rondas de apuestas, cada jugador tiene que poner una apuesta para empezar el bote, esta apuesta se llama ante. Una vez recogidas las apuestas se reparten dos cartas boca abajo a cada jugador y una boca arriba.

El jugador con la peor carta vista tiene que poner el bring-in, una apuesta forzada que es parecida a una ciega de Hold’em). La cantidad suele estar entre el 30% y el 50% de la apuesta pequeña, y el 2 de tréboles es la peor carta de la baraja. Los jugadores que se mantengan en la mano recibirán un total de tres cartas boca abajo y cuatro cartas boca arriba. No hay cartas comunitarias. El ganador es el que tenga la mejor combinación de cinco cartas.",,,,,Início rápido,"O Seven Card Stud é uma variação de pôquer jogada entre dois a oito jogadores, utilizando um baralho de 52 cartas, sem curingas. Uma rodada do jogo consiste em cinco rodadas de apostas. Inicialmente, cada jogador deve fazer uma aposta de abertura para iniciar o pote, também conhecida como ante. Depois que as apostas iniciais são feitas, cada jogador recebe duas cartas viradas para baixo (cartas fechadas) e uma carta virada para cima (carta de entrada ou carta aberta).

O jogador com a pior carta faz o começo da aposta (também chamada de ""bring-in"", uma aposta obrigatória equivalente ao blind no Hold'em). O valor normalmente é de 30 a 50% o valor da aposta inferior e o 2 de paus é a pior carta do baralho na avaliação do começo da aposta (bring-in). Os jogadores que permanecerem na rodada inteira do jogo receberão um total de três cartas viradas para baixo e quatro cartas viradas para cima. Nenhuma carta é virada na mesa para todos usarem (cartas da mesa ou comunitárias). O vencedor é o jogador que consegue formar a melhor combinação de cinco cartas (mão de pôquer).",Démarrage rapide,"Seven Card Stud est une variante du poker jouée entre de deux à huit joueurs, en utilisant un paquet de 52 cartes sans jokers. Une partie est constituée de cinq tours d'enchères. Initialement, chaque joueur doit effectuer une mise d'ouverture pour démarrer le pot, également appelée « ante ». Après avoir effectué les mises initiales, chaque joueur reçoit deux cartes fermées individuelles (hole cards) et une carte découverte (door card).

Le joueur ayant la plus mauvaise carte découverte est désigné comme le bring-in (une enchère forcée semblable à une blind au Hold'em). Le montant est généralement de 30 à 50 % de la mise la plus basse, et le 2 de Trèfle est la plus mauvaise carte du paquet pour l'évaluation du bring-in. Les joueurs qui restent actifs durant l'intégralité d'une partie du jeu recevront un total de trois cartes fermées et quatre cartes découvertes. Aucune carte communautaire n'est distribuée sur la table. Le gagnant est le joueur qui réussit à constituer la meilleure combinaison de cinq cartes (main de poker).",Snabbstart,"Seven Card Stud är en variant av poker som spelas med mellan två och åtta spelare med en kortlek innehållande 52 kort, inga jokrar. En runda består av fem satsningsrundor. Inledningsvis lägger varje spelare har en startinsats att få igång potten, även kallat ante. Efter de inledande satsningarna får varje spelare två nedåtvända kort (hålkort) och ett uppåtvänt kort (dörrkort).

Den spelare som har det sämsta dörrkortet som bring-in (en tvingad satsning som liknar en mörk insats i Hold'em). Beloppet är vanligen 30-50 % av den lägre insatsen och klöver 2 är det sämsta kortet i leken när man bedömer bring-in. De spelare som förblir aktiva under hela spelet får totalt tre nedåtvända kort och fyra uppåtvända kort. Inga uppåtvända gemensamma kort delas ut på bordet. Vinnaren är den spelare som kan bilda den bästa femkortskombinationen (pokerhanden)."
7 Card Stud,Betting limits,"The betting amount is determined by the specific table’s lower and higher betting limits (stakes). There are different betting limits at different tables so players can choose a table with the amount that they are willing to wager. A table's lower betting limit is always half of the higher betting limit, e.g. a $1/$2 table or a $5/$10 table. ",,Betting limits,"The betting amount is determined by the specific table’s lower and higher betting limits (stakes). There are different betting limits at different tables so players can choose a table with the amount that they are willing to wager. A table's lower betting limit is always half of the higher betting limit, e.g. a $1/$2 table or a $5/$10 table. ",Einsatzlimits,"Der Einsatzbetrag hängt von den Mindest- und Höchsteinsätzen des jeweiligen Tisches ab. Pro Tisch gelten unterschiedliche Einsatzlimits. Spieler können sich also einen Tisch mit dem Betrag aussuchen, den sie bereit sind einzusetzen. Der Mindesteinsatz eines Tisches entspricht immer der Hälfte des jeweiligen Höchsteinsatzes. Beispiele sind $ 1/$ 2- oder $ 5/$ 10-Tische. 
","Límites de apuestas","La cantidad de la apuesta está determinada por los límites de apuestas de la mesa específica. Cada mesa tiene límites distintos por lo que los jugadores pueden sentarse en aquella mesa que tenga las cantidades que quieran apostar. La apuesta pequeña siempre es la mitad de la apuesta grande, por ejemplo: mesa de 1/2 o de 5/10.",,,,,Limites de aposta,"O valor da aposta é determinado pelos limites inferior e superior específicos da mesa (apostas). Existem limites diferentes em mesas diferentes para que os jogadores possam escolher uma mesa com o valor que desejam apostar. O limite de aposta inferior de uma mesa é sempre metade do limite de aposta superior. Por exemplo, uma mesa de US$ 1/US$ 2 ou uma mesa de US$ 5/US$ 10. ",Limites de mise,"Le montant de la mise est déterminé par les limites de mise basse et élevée de la table spécifique (les mises). Il existe plusieurs limites d'enchères aux différentes tables afin que les joueurs puissent choisir une table avec le montant correspondant à ce qu'ils souhaitent miser. La limite d'enchère basse d'une table est toujours la moitié de la limite d'enchère haute, par exemple, une table 1 $/2 $ ou une table 5 $/10 $. ",Insatsgränser,Insatsbeloppet bestäms av bordets undre och högre satsningsgränser. Det finns olika gränser vid olika bord så att spelarna kan välja ett bord med ett belopp som är villiga att satsa. Ett bords undre gräns är alltid hälften så stor som den övre gränsen (t.ex. ett 1 $/2 $-bord eller ett 5 $/10 $-bord) 
7 Card Stud,Aim,"The goal is to win the money/chips in the pot by forming a better high and/or low five-card combination (hand) than the rest of the players, or by convincing other players to lay down their hand by bluffing. A hand is made up of any five out of a player’s seven-card board.",,Aim,"The goal is to win the money/chips in the pot by forming a better high and/or low five-card combination (hand) than the rest of the players, or by convincing other players to lay down their hand by bluffing. A hand is made up of any five out of a player’s seven-card board.",Ziel,"Ziel ist es, das Geld/die Chips im Pot zu gewinnen – entweder durch Erreichen einer höherwertigen Pokerhand als die restlichen Spieler oder indem man durch Bluffen andere Spieler zum Aussteigen bewegt. Eine Pokerhand setzt sich aus fünf beliebigen der insgesamt sieben Karten eines Spielers zusammen.","Objetivo","El objetivo es llevarse las fichas del bote formando mejor combinación alta y/o baja de cinco cartas que los rivales, o convenciendo a los rivales que tiren sus cartas con un farol. La mano está formada por cinco cartas de las siete que tiene el jugador.",,,,,Objetivo,O objetivo é ganhar o dinheiro ou as fichas do pote formando uma combinação de cinco cartas altas e/ou baixas (mão) melhor que a dos demais jogadores ou convencendo os outros jogadores a desistirem da mão blefando. Uma mão é formada de quaisquer cinco das sete cartas de um jogador.,Objectif,"L'objectif est remporter l'argent/jetons du pot en constituant une meilleure combinaison de cinq cartes hautes et/ou basses (la main) que le reste des joueurs, ou en réussissant à convaincre les autres joueurs de déposer leur main par la technique du bluff. Une main est constituée de n'importes lesquelles des cinq cartes du tableau de sept cartes d'un joueur.",Mål,"Målet är att vinna pengarna/markerna i potten genom att bilda en bättre hög och/eller låg femkortskombination (hand) än de övriga spelarna, eller genom att övertyga andra spelare att ge upp sin hand genom att bluffa. En hand utgörs av fem av spelarens 7-kortsbord."
SNAP,Intro,"SNAP is an online fast-fold poker game. In contrast to classic poker games, SNAP is designed to reduce the time between a fold and a new round. In other words, you can play much more hands in shorter space of time! SNAP rules are exactly the same as in Texas Hold’em poker, but instead of playing at one same table against the same opponents for the duration of your session, you become part of a pool of interchanging players. 

So, how does it work? As soon as you make a decision not to play a hand and fold your cards, you are placed at a different table with new opponents and new cards in a matter of seconds. This fast-paced game is also available on mobile, so that you can play SNAP games while on the move.
",,Intro,"SNAP is an online fast-fold poker game. In contrast to classic poker games, SNAP is designed to reduce the time between a fold and a new round. In other words, you can play much more hands in shorter space of time! SNAP rules are exactly the same as in Texas Hold’em poker, but instead of playing at one same table against the same opponents for the duration of your session, you become part of a pool of interchanging players. 

So, how does it work? As soon as you make a decision not to play a hand and fold your cards, you are placed at a different table with new opponents and new cards in a matter of seconds. This fast-paced game is also available on mobile, so that you can play SNAP games while on the move.
",Einleitun,"SNAP ist ein Online-Pokerspiel für schnelles Aussteigen. Im Gegensatz zu klassischen Pokerspielen ist SNAP so konzipiert, dass die Zeit zwischen dem Aussteigen und einer neuen Runde reduziert wird. Mit anderen Worten: Sie können in kürzerer Zeit viel mehr Hände spielen! Die Regeln von SNAP sind identisch mit den Regeln beim Texas Hold’em Poker, aber statt für die Dauer Ihrer Sitzung am selben Tisch gegen dieselben Gegner zu spielen, werden Sie Teil eines Pool von Austauschspielern.

Wie funktioniert es? Sobald Sie sich entschließen, eine Hand nicht zu spielen und mit Ihren Karten auszusteigen, werden Sie in Sekundenschnelle an einem anderen Tisch mit neuen Gegenspielern platziert. Dieses rasante Spiel ist auch auf Mobilgeräten verfügbar, sodass Sie SNAP-Spiele auch unterwegs spielen können.",Introducción,"SNAP es un tipo de póker online rápido. Al contrario que el póker clásico, SNAP está designado para reducir el tiempo entre que tiras y la siguiente mano. En otras palabras, puedes jugar muchas más manos en menos tiempo. Las reglas de SNAP son las mismas que las del Texas Hold’em, pero en lugar de jugar en la misma mesa contra los mismos oponentes durante la sesión, eres parte de un grupo de jugadores que van cambiando de mesa.

¿Cómo funciona? En el momento en el que decides no jugar tus cartas y las tiras, en cuestión de segundos estás sentado en una mesa distinta con otros jugadores. Esta forma tan rápida de jugar también está disponible para móviles, por lo que puedes jugar SNAP en cualquier sitio.",,,,,Introdução,"O SNAP é um jogo de pôquer on-line de desistência rápida. Em comparação com os jogos clássicos de pôquer, o SNAP foi criado para reduzir o tempo entre uma desistência (fold) e uma nova rodada. Ou seja, você pode jogar muito mais mãos em um espaço de tempo menor. As regras do SNAP são exatamente iguais às do pôquer Texas Hold’em; mas, em vez de jogar em uma mesma mesa contra os mesmos adversários enquanto durar sua sessão, você se torna parte de um grupo de jogadores em alternância.

Então, como funciona? Assim que você toma a decisão de não jogar uma mão e desiste de suas cartas, em questão de segundos é colocado em uma mesa diferente, com novos adversários e novas cartas. Esse jogo de ritmo acelerado também está disponível nos dispositivos móveis; assim, você pode jogar os jogos SNAP em qualquer lugar.",Introduction,"SNAP est un jeu de poker fast-fold en ligne. Contrairement aux jeux de poker classiques, SNAP est conçu pour réduire le temps entre le moment où l'on se couche et un nouveau tour. En d'autres termes, vous pouvez jouer bien plus de mains en un temps plus court! Les règles de SNAP sont exactement les mêmes qu'au poker Texas Hold’em, mais plutôt que de jouer à la même table contre les mêmes adversaires pour la durée de votre session, vous faites partie d'un groupe de joueurs qui échangent.

Donc, comment cela fonctionne-t-il? Dès que vous prenez une décision de ne pas jouer une main et vous vous couchez, vous êtes placé à une table différente avec de nouveaux adversaires et de nouvelles cartes en quelques secondes. Ce jeu au rythme haletant est également disponible sur mobile, ainsi vous pouvez jouer aux jeux SNAP tout en vous déplaçant.",Intro,"SNAP är ett snabbt onlinepokerspel. Till skillnad mot klassiska pokerspel är SNAP skapat för att reducera tiden mellan att man kastar korten och en ny omgång. Med andra ord kan du spela många fler händer på kortare tid! SNAP-reglerna är exakt desamma som i Texas Hold’em poker, men istället för att spela vid samma bord mot samma motståndare under hela din session ingår du i en pool av spelare som byter platser.

Så hur går det till? Så snart du fattar beslutet att inte spela i en hand och kastar dina kort placeras du vid ett nytt bord med nya motståndare och nya kort på några sekunder. Detta rafflande spel är även tillgängligt på mobilen så du kan spela SNAP-spel även när du är ute i farten."
SNAP,Quick Start,"In SNAP poker, a player automatically joins a players’ pool and is randomly re-seated at a different table in every hand they play. The game is played with the same rules as Texas Hold’em using a  deck of 52 cards with no jokers. Each player is dealt two face-down cards, also known as “hole cards”. Five community cards are dealt face up on the poker table across three rounds. The rounds are called “flop”, “turn” and “river”. The money pot (chips) is formed by players acting over the course of four betting rounds: pre-flop, flop, turn and river.",,Quick Start,"In SNAP poker, a player automatically joins a players’ pool and is randomly re-seated at a different table in every hand they play. The game is played with the same rules as Texas Hold’em using a  deck of 52 cards with no jokers. Each player is dealt two face-down cards, also known as “hole cards”. Five community cards are dealt face up on the poker table across three rounds. The rounds are called “flop”, “turn” and “river”. The money pot (chips) is formed by players acting over the course of four betting rounds: pre-flop, flop, turn and river.",Schnelleinstieg,"Bei SNAP-Poker werden Teilnehmer automatisch in einen Spieler-Pool aufgenommen und bei jeder einzelnen Hand, das sie spielen, nach dem Zufallsprinzip an einen anderen Tisch umgesetzt. Das Spiel wird mit denselben Regeln wie bei Texas Hold’em und einem Deck mit 52 Karten ohne Joker gespielt. Jeder Spieler erhält zwei Karten verdeckt, die so genannten „Taschenkarten“. Innerhalb von drei Runden werden fünf Gemeinschaftskarten offen auf dem Pokertisch ausgeteilt. Diese Runden werden als „Flop“, „Turn“ und „River“ bezeichnet. Der Geldpot (Chips) wird von den Teilnehmern gebildet, die im Verlauf von vier Einsatzrunden agieren: Preflop, Flop, Turn und River.","Empezamos","En SNAP poker, un jugador se integra automáticamente en un grupo de jugadores y se sienta aleatóriamente en una mesa distinta cada mano que juegue. Se aplican las mismas reglas que en el Texas Hold’em con una baraja de 52 cartas sin comodines. Cada jugador recibe dos cartas particulares y se sacan cinco cartas comunitarias boca arriba en tres rondas. Estas rondas se llaman “flop”, “turn” y “river”. Las fichas se van acumulando durante las cuatro rondas de apuestas: pre-flop, flop, turn y river.",,,,,Início rápido,"No pôquer SNAP, um jogador entra automaticamente em um grupo de jogadores e é colocado aleatoriamente em outra mesa a cada mão que joga. O jogo tem as mesmas regras que o Texas Hold’em, utilizando um baralho de 52 cartas sem curingas. Cada jogador recebe duas cartas viradas para baixo, também conhecidas como “cartas fechadas”. Cinco cartas da mesa ou cartas comunitárias são colocadas sobre a mesa de pôquer viradas para cima em três rodadas. As rodadas são chamadas de “flop” (abertura), “turn” e “river”. O pote de dinheiro (fichas) é formado pelos jogadores em ação ao longo das quatro rodadas de apostas: pré-flop (antes da abertura), flop (abertura), turn e river.",Démarrage rapide,"Au poker SNAP, un joueur rejoint automatiquement un groupe de joueurs et est assis une nouvelle fois de manière aléatoire à une table différente à chaque main qu'il joue. Le jeu se déroule avec les mêmes règles que le Texas Hold’em en utilisant un paquet de 52 cartes sans jokers. Chaque joueur reçoit deux cartes cachées, également appelées « cartes fermées ». Cinq cartes communautaires sont distribuées découvertes sur la table de poker au cours de trois tours. Les tours sont appelés le « flop », le « tournant » et la « rivière ». Le pot en argent (les jetons) est constitué par les joueurs agissant au cours de quatre tours de mises : pré-flop, flop, tournant et rivière.",Snabbstart,"I SNAP poker går en spelare automatiskt med i en spelar-pool och omplaceras slumpmässigt vid ett annat bord för varje spelad hand. Spelet använder samma regler som Texas Hold’em med en kortlek med 52 kort, inga jokrar. Varje spelare får två nedåtvända kort som även kallas ""hålkort"". Fem gemensamma kort delas ut uppåtvända på pokerbordet fördelat på tre rundor. Dessa rundor kallas ""floppen"", ""turn"" och ""river"". Pengapotten (marker) skapas av spelare som agerar under fyra satsningsrundor: pre-flopp, flopp, turn och river."
SNAP,Aim,"The hand is a player's best five-card combination. Players can use both, one or none of their two hole cards to form the best hand. If a player does not use any of their hole cards, they are said to be ‘playing the board’. All five community cards on the table would make up the best possible hand combination for that player.",,Aim,"The aim of the game is to win the money/chips in the pot by forming a better five-card combination (known as the hand) than the rest of the players, or by convincing the other players to lay down their hand by bluffing. A hand is made up of any amount of a player’s two hole cards and three to five of the community cards dealt on the table.",Ziel,"Ziel des Spiels ist es, das Geld bzw. die Chips im Pot zu gewinnen, indem man eine bessere Kombination aus fünf Karten (auch als Hand bezeichnet) als die anderen Spieler erreicht oder durch Bluffen die anderen Spieler zum Aussteigen bewegt. Eine Hand besteht aus einer beliebigen Anzahl der beiden Taschenkarten eines Spielers und drei bis fünf der auf dem Tisch ausliegenden Gemeinschaftskarten.","Objetivo","El objetivo del juego es ganar las fichas del bote formando mejor jugada (o mano) de cinco cartas que el resto de jugadores; o convenciendo a los rivales de que se tiren de sus cartas con un farol. La mano se forma con ninguna, una o las dos cartas particulares del jugador y de tres a cinco cartas de las comunitarias.",,,,,Objetivo,"A mão é a melhor combinação de cinco cartas de um jogador. Os jogadores podem usar ambas, uma ou nenhuma das duas cartas fechadas para formar a melhor mão. Se um jogador não usar as próprias cartas fechadas, diremos que está ""jogando com a mesa"". Todas as cinco cartas da mesa formarão a melhor combinação de mão possível desse jogador.",Objectif,"La main est la meilleure combinaison de cinq cartes d'un joueur. Les joueurs peuvent utiliser leurs deux cartes fermées, une seule ou aucune pour constituer la meilleure main. Si un joueur n'utilise aucune de ses cartes fermées, on dit qu'il « joue le tableau ». Toutes les cinq cartes communautaires sur la table peuvent constituer la meilleure combinaison de main possible pour ce joueur.",Mål,"Handen är spelarens bästa kombination av fem kort. Spelarna kan använda båda två, ett eller inget av sina två hålkort när de bygger sin bästa hand. Om en spelare inte använder något av sina hålkort kallas detta att ""spela bordet"". Alla fem gemensamma kort på bordet utgör då den bästa handkombinationen för den spelaren."
SNAP,The Hand,"The hand is a player's best five-card combination. Players can use both, one or none of their two hole cards to form the best hand. If a player does not use any of their hole cards, they are said to be ‘playing the board’. All five community cards on the table would make up the best possible hand combination for that player.",,The Hand,"The hand is a player's best five-card combination. Players can use both, one or none of their two hole cards to form the best hand. If a player does not use any of their hole cards, they are said to be ‘playing the board’. All five community cards on the table would make up the best possible hand combination for that player.",Die Hand,"Die Hand ist die beste Kombination aus fünf Karten eines Spielers. Um die beste Hand zu bilden, können Spieler beide, eine oder keine ihrer beiden Taschenkarten verwenden. Wenn Spieler keine ihrer Taschenkarten verwenden, sagt man, dass sie „das Board spielen“. Für diese Spieler wird die bestmögliche Handkombination aus allen fünf Gemeinschaftskarten auf dem Tisch gebildet.",La mano,"La mano es la mejor combinación de cinco cartas. The hand is a player's best five-card combination. Players can use both, one or none of their two hole cards to form the best hand. If a player does not use any of their hole cards, they are said to be ‘playing the board’. All five community cards on the table would make up the best possible hand combination for that player.",,,,,A mão,"A mão é a melhor combinação de cinco cartas de um jogador. Os jogadores podem usar ambas, uma ou nenhuma das duas cartas fechadas para formar a melhor mão. Se um jogador não usar as próprias cartas fechadas, diremos que está ""jogando com a mesa"". Todas as cinco cartas da mesa formarão a melhor combinação de mão possível desse jogador.",La main,"La main est la meilleure combinaison de cinq cartes d'un joueur. Les joueurs peuvent utiliser leurs deux cartes fermées, une seule ou aucune pour constituer la meilleure main. Si un joueur n'utilise aucune de ses cartes fermées, on dit qu'il « joue le tableau ». Toutes les cinq cartes communautaires sur la table peuvent constituer la meilleure combinaison de main possible pour ce joueur.",Handen,"Handen är spelarens bästa kombination av fem kort. Spelarna kan använda båda två, ett eller inget av sina två hålkort när de bygger sin bästa hand. Om en spelare inte använder något av sina hålkort kallas detta att ""spela bordet"". Alla fem gemensamma kort på bordet utgör då den bästa handkombinationen för den spelaren."